
{
"triangle0": {

	"pts": [
		[
			0.00000000,
			0.00000000,
			0.00000000
		],
		[
			1.00000000,
			0.00000000,
			0.00000000
		],
		[
			0.00000000,
			1.00000000,
			0.00000000
		]
	],
	"color": [
		255,
		255,
		255,
		255
	],
	"texture_tag": ""
},

"triangle1": {

	"pts": [
		[
			-1.70984888,
			1.16679490,
			-4.41450024
		],
		[
			-2.70984888,
			1.16679490,
			-4.41450024
		],
		[
			-2.70984888,
			2.16679478,
			-4.41450024
		]
	],
	"color": [
		255,
		255,
		255,
		255
	],
	"texture_tag": ""
},

"triangle2": {

	"pts": [
		[
			-1.70984888,
			1.16679490,
			-4.41450024
		],
		[
			-2.70984888,
			2.16679478,
			-4.41450024
		],
		[
			-1.70984888,
			2.16679478,
			-4.41450024
		]
	],
	"color": [
		255,
		255,
		255,
		255
	],
	"texture_tag": ""
},

"triangle3": {

	"pts": [
		[
			-1.70984888,
			1.16679490,
			-3.41450024
		],
		[
			-2.70984888,
			1.16679490,
			-3.41450024
		],
		[
			-2.70984888,
			2.16679478,
			-3.41450024
		]
	],
	"color": [
		255,
		255,
		255,
		255
	],
	"texture_tag": ""
},

"triangle4": {

	"pts": [
		[
			-1.70984888,
			1.16679490,
			-3.41450024
		],
		[
			-2.70984888,
			2.16679478,
			-3.41450024
		],
		[
			-1.70984888,
			2.16679478,
			-3.41450024
		]
	],
	"color": [
		255,
		255,
		255,
		255
	],
	"texture_tag": ""
},

"triangle5": {

	"pts": [
		[
			-2.70984888,
			1.16679490,
			-3.41450024
		],
		[
			-2.70984888,
			1.16679490,
			-4.41450024
		],
		[
			-2.70984888,
			2.16679478,
			-4.41450024
		]
	],
	"color": [
		255,
		255,
		255,
		255
	],
	"texture_tag": ""
},

"triangle6": {

	"pts": [
		[
			-2.70984888,
			1.16679490,
			-3.41450024
		],
		[
			-2.70984888,
			2.16679478,
			-4.41450024
		],
		[
			-2.70984888,
			2.16679478,
			-3.41450024
		]
	],
	"color": [
		255,
		255,
		255,
		255
	],
	"texture_tag": ""
},

"triangle7": {

	"pts": [
		[
			-1.70984888,
			1.16679490,
			-3.41450024
		],
		[
			-1.70984888,
			1.16679490,
			-4.41450024
		],
		[
			-1.70984888,
			2.16679478,
			-4.41450024
		]
	],
	"color": [
		255,
		255,
		255,
		255
	],
	"texture_tag": ""
},

"triangle8": {

	"pts": [
		[
			-1.70984888,
			1.16679490,
			-3.41450024
		],
		[
			-1.70984888,
			2.16679478,
			-4.41450024
		],
		[
			-1.70984888,
			2.16679478,
			-3.41450024
		]
	],
	"color": [
		255,
		255,
		255,
		255
	],
	"texture_tag": ""
},

"triangle9": {

	"pts": [
		[
			-1.70984888,
			2.16679478,
			-4.41450024
		],
		[
			-2.70984888,
			2.16679478,
			-4.41450024
		],
		[
			-2.70984888,
			2.16679478,
			-3.41450024
		]
	],
	"color": [
		255,
		255,
		255,
		255
	],
	"texture_tag": ""
},

"triangle10": {

	"pts": [
		[
			-1.70984888,
			2.16679478,
			-4.41450024
		],
		[
			-2.70984888,
			2.16679478,
			-3.41450024
		],
		[
			-1.70984888,
			2.16679478,
			-3.41450024
		]
	],
	"color": [
		255,
		255,
		255,
		255
	],
	"texture_tag": ""
},

"triangle11": {

	"pts": [
		[
			-1.70984888,
			1.16679490,
			-4.41450024
		],
		[
			-2.70984888,
			1.16679490,
			-4.41450024
		],
		[
			-2.70984888,
			1.16679490,
			-3.41450024
		]
	],
	"color": [
		255,
		255,
		255,
		255
	],
	"texture_tag": ""
},

"triangle12": {

	"pts": [
		[
			-1.70984888,
			1.16679490,
			-4.41450024
		],
		[
			-2.70984888,
			1.16679490,
			-3.41450024
		],
		[
			-1.70984888,
			1.16679490,
			-3.41450024
		]
	],
	"color": [
		255,
		255,
		255,
		255
	],
	"texture_tag": ""
},

}