
{
"triangle0": {

	"pts": [
		[
			-4.00000000,
			1.00000000,
			4.00000000
		],
		[
			-4.00000000,
			1.00000000,
			-5.00000000
		],
		[
			4.00000000,
			1.00000000,
			-5.00000000
		]
	],
	"color": [
		255,
		255,
		255,
		255
	],
	"texture_tag": ""
},

"triangle1": {

	"pts": [
		[
			4.00000000,
			1.00000000,
			4.00000000
		],
		[
			-4.00000000,
			1.00000000,
			4.00000000
		],
		[
			4.00000000,
			1.00000000,
			-5.00000000
		]
	],
	"color": [
		255,
		255,
		255,
		255
	],
	"texture_tag": ""
},

"triangle2": {

	"pts": [
		[
			4.00000000,
			1.00000000,
			-2.00000000
		],
		[
			9.00000000,
			4.00000000,
			-2.00000000
		],
		[
			4.00000000,
			1.00000000,
			1.00000000
		]
	],
	"color": [
		255,
		255,
		255,
		255
	],
	"texture_tag": ""
},

"triangle3": {

	"pts": [
		[
			9.00000000,
			4.00000000,
			-2.00000000
		],
		[
			9.00000000,
			4.00000000,
			1.00000000
		],
		[
			4.00000000,
			1.00000000,
			1.00000000
		]
	],
	"color": [
		255,
		255,
		255,
		255
	],
	"texture_tag": ""
},

"triangle4": {

	"pts": [
		[
			-9.00000000,
			4.00000000,
			-2.00000000
		],
		[
			-4.00000000,
			1.00000000,
			1.00000000
		],
		[
			-9.00000000,
			4.00000000,
			1.00000000
		]
	],
	"color": [
		255,
		255,
		255,
		255
	],
	"texture_tag": ""
},

"triangle5": {

	"pts": [
		[
			-2.00000000,
			4.00000000,
			9.00000000
		],
		[
			1.00000000,
			1.00000000,
			4.00000000
		],
		[
			2.00000000,
			4.00000000,
			9.00000000
		]
	],
	"color": [
		255,
		255,
		255,
		255
	],
	"texture_tag": ""
},

"triangle6": {

	"pts": [
		[
			-4.00000000,
			1.00000000,
			-2.00000000
		],
		[
			-4.00000000,
			1.00000000,
			1.00000000
		],
		[
			-9.00000000,
			4.00000000,
			-2.00000000
		]
	],
	"color": [
		255,
		255,
		255,
		255
	],
	"texture_tag": ""
},

"triangle7": {

	"pts": [
		[
			1.00000000,
			1.00000000,
			4.00000000
		],
		[
			-1.00000000,
			1.00000000,
			4.00000000
		],
		[
			-2.00000000,
			4.00000000,
			9.00000000
		]
	],
	"color": [
		255,
		255,
		255,
		255
	],
	"texture_tag": ""
},

"triangle8": {

	"pts": [
		[
			-2.00000000,
			4.00000000,
			-10.00000000
		],
		[
			2.00000000,
			4.00000000,
			-10.00000000
		],
		[
			-1.00000000,
			1.00000000,
			-5.00000000
		]
	],
	"color": [
		255,
		255,
		255,
		255
	],
	"texture_tag": ""
},

"triangle9": {

	"pts": [
		[
			-1.00000000,
			1.00000000,
			-5.00000000
		],
		[
			1.00000000,
			1.00000000,
			-5.00000000
		],
		[
			2.00000000,
			4.00000000,
			-10.00000000
		]
	],
	"color": [
		255,
		255,
		255,
		255
	],
	"texture_tag": ""
},

}