
{
"triangle0": {

	"pts": [
		[
			20.00000000,
			10.00000000,
			40.00000000
		],
		[
			10.00000000,
			10.00000000,
			40.00000000
		],
		[
			10.00000000,
			10.00000000,
			50.00000000
		]
	],
	"color": [
		255,
		255,
		255,
		255
	],
	"texture_tag": "albedo",
	"is_lit": true,
	"use_fog": false,
	"rot": 0
},

"triangle1": {

	"pts": [
		[
			10.00000000,
			25.00000000,
			45.00000000
		],
		[
			20.00000000,
			10.00000000,
			40.00000000
		],
		[
			20.00000000,
			25.00000000,
			40.00000000
		]
	],
	"color": [
		0,
		255,
		255,
		255
	],
	"texture_tag": "albedo",
	"is_lit": true,
	"use_fog": false,
	"rot": 0
},

"triangle2": {

	"pts": [
		[
			20.00000000,
			0.00000000,
			20.00000000
		],
		[
			10.00000000,
			0.00000000,
			20.00000000
		],
		[
			10.00000000,
			10.00000000,
			30.00000000
		]
	],
	"color": [
		255,
		255,
		255,
		255
	],
	"texture_tag": "albedo",
	"is_lit": true,
	"use_fog": false,
	"rot": 0
},

"triangle3": {

	"pts": [
		[
			20.00000000,
			0.00000000,
			20.00000000
		],
		[
			10.00000000,
			10.00000000,
			30.00000000
		],
		[
			20.00000000,
			10.00000000,
			30.00000000
		]
	],
	"color": [
		255,
		255,
		255,
		255
	],
	"texture_tag": "albedo",
	"is_lit": true,
	"use_fog": false,
	"rot": 0
},

"triangle4": {

	"pts": [
		[
			33.00000000,
			22.00000000,
			17.00000000
		],
		[
			48.00000000,
			22.00000000,
			17.00000000
		],
		[
			33.00000000,
			22.00000000,
			50.00000000
		]
	],
	"color": [
		255,
		255,
		255,
		255
	],
	"texture_tag": "albedo",
	"is_lit": true,
	"use_fog": false,
	"rot": 0
},

"triangle5": {

	"pts": [
		[
			0.00000000,
			11.00000000,
			30.00000000
		],
		[
			10.00000000,
			0.00000000,
			30.00000000
		],
		[
			10.00000000,
			11.00000000,
			30.00000000
		]
	],
	"color": [
		255,
		255,
		255,
		255
	],
	"texture_tag": "troll",
	"is_lit": true,
	"use_fog": false,
	"rot": 2
},

"triangle6": {

	"pts": [
		[
			10.00000000,
			25.00000000,
			45.00000000
		],
		[
			10.00000000,
			10.00000000,
			40.00000000
		],
		[
			20.00000000,
			10.00000000,
			40.00000000
		]
	],
	"color": [
		0,
		255,
		255,
		255
	],
	"texture_tag": "albedo",
	"is_lit": true,
	"use_fog": false,
	"rot": 0
},

"triangle7": {

	"pts": [
		[
			20.00000000,
			10.00000000,
			40.00000000
		],
		[
			10.00000000,
			10.00000000,
			50.00000000
		],
		[
			20.00000000,
			10.00000000,
			50.00000000
		]
	],
	"color": [
		255,
		255,
		255,
		255
	],
	"texture_tag": "albedo",
	"is_lit": true,
	"use_fog": false,
	"rot": 0
},

"triangle8": {

	"pts": [
		[
			48.00000000,
			10.00000000,
			17.00000000
		],
		[
			33.00000000,
			10.00000000,
			17.00000000
		],
		[
			33.00000000,
			10.00000000,
			50.00000000
		]
	],
	"color": [
		255,
		255,
		255,
		255
	],
	"texture_tag": "albedo",
	"is_lit": true,
	"use_fog": false,
	"rot": 0
},

"triangle9": {

	"pts": [
		[
			0.00000000,
			0.00000000,
			30.00000000
		],
		[
			0.00000000,
			11.00000000,
			30.00000000
		],
		[
			10.00000000,
			0.00000000,
			30.00000000
		]
	],
	"color": [
		255,
		255,
		255,
		255
	],
	"texture_tag": "troll",
	"is_lit": true,
	"use_fog": false,
	"rot": 2
},

"triangle10": {

	"pts": [
		[
			20.00000000,
			10.00000000,
			30.00000000
		],
		[
			10.00000000,
			10.00000000,
			40.00000000
		],
		[
			20.00000000,
			10.00000000,
			40.00000000
		]
	],
	"color": [
		255,
		255,
		255,
		255
	],
	"texture_tag": "albedo",
	"is_lit": true,
	"use_fog": false,
	"rot": 0
},

"triangle11": {

	"pts": [
		[
			0.00000000,
			0.00000000,
			0.00000000
		],
		[
			0.00000000,
			0.00000000,
			10.00000000
		],
		[
			0.00000000,
			11.00000000,
			5.00000000
		]
	],
	"color": [
		255,
		255,
		255,
		255
	],
	"texture_tag": "albedo",
	"is_lit": true,
	"use_fog": false,
	"rot": 0
},

"triangle12": {

	"pts": [
		[
			20.00000000,
			10.00000000,
			30.00000000
		],
		[
			10.00000000,
			10.00000000,
			30.00000000
		],
		[
			10.00000000,
			10.00000000,
			40.00000000
		]
	],
	"color": [
		255,
		255,
		255,
		255
	],
	"texture_tag": "albedo",
	"is_lit": true,
	"use_fog": false,
	"rot": 0
},

"triangle13": {

	"pts": [
		[
			0.00000000,
			0.00000000,
			0.00000000
		],
		[
			10.00000000,
			0.00000000,
			0.00000000
		],
		[
			5.00000000,
			11.00000000,
			0.00000000
		]
	],
	"color": [
		255,
		255,
		255,
		255
	],
	"texture_tag": "albedo",
	"is_lit": true,
	"use_fog": false,
	"rot": 0
},

"triangle14": {

	"pts": [
		[
			33.00000000,
			10.00000000,
			30.00000000
		],
		[
			33.00000000,
			10.00000000,
			40.00000000
		],
		[
			20.00000000,
			10.00000000,
			40.00000000
		]
	],
	"color": [
		255,
		255,
		255,
		255
	],
	"texture_tag": "albedo",
	"is_lit": true,
	"use_fog": false,
	"rot": 0
},

"triangle15": {

	"pts": [
		[
			20.00000000,
			10.00000000,
			30.00000000
		],
		[
			33.00000000,
			10.00000000,
			30.00000000
		],
		[
			20.00000000,
			10.00000000,
			40.00000000
		]
	],
	"color": [
		255,
		255,
		255,
		255
	],
	"texture_tag": "albedo",
	"is_lit": true,
	"use_fog": false,
	"rot": 0
},

"triangle16": {

	"pts": [
		[
			48.00000000,
			10.00000000,
			50.00000000
		],
		[
			33.00000000,
			10.00000000,
			50.00000000
		],
		[
			48.00000000,
			10.00000000,
			17.00000000
		]
	],
	"color": [
		255,
		255,
		255,
		255
	],
	"texture_tag": "albedo",
	"is_lit": true,
	"use_fog": false,
	"rot": 0
},

"triangle17": {

	"pts": [
		[
			48.00000000,
			10.00000000,
			17.00000000
		],
		[
			48.00000000,
			10.00000000,
			50.00000000
		],
		[
			48.00000000,
			22.00000000,
			17.00000000
		]
	],
	"color": [
		255,
		255,
		255,
		255
	],
	"texture_tag": "albedo",
	"is_lit": true,
	"use_fog": false,
	"rot": 0
},

"triangle18": {

	"pts": [
		[
			48.00000000,
			22.00000000,
			50.00000000
		],
		[
			48.00000000,
			22.00000000,
			17.00000000
		],
		[
			33.00000000,
			22.00000000,
			50.00000000
		]
	],
	"color": [
		255,
		255,
		255,
		255
	],
	"texture_tag": "albedo",
	"is_lit": true,
	"use_fog": false,
	"rot": 0
},

"triangle19": {

	"pts": [
		[
			48.00000000,
			22.00000000,
			50.00000000
		],
		[
			48.00000000,
			10.00000000,
			50.00000000
		],
		[
			48.00000000,
			22.00000000,
			17.00000000
		]
	],
	"color": [
		255,
		255,
		255,
		255
	],
	"texture_tag": "albedo",
	"is_lit": true,
	"use_fog": false,
	"rot": 0
},

"data_id0": {

	"tag": "light",
	"id": 1,
	"transform": {
		"position": [
			42.78299713,
			16.51085281,
			25.65432167
		],
		"rotation": [
			0.00000000,
			0.00000000,
			0.00000000
		],
		"scale": [
			1.00000000,
			1.00000000,
			1.00000000
		]
	},
	"components": [

	]
},

"data_id1": {

	"tag": "light",
	"id": 1,
	"transform": {
		"position": [
			43.26802063,
			16.51085281,
			35.14390182
		],
		"rotation": [
			0.00000000,
			0.00000000,
			0.00000000
		],
		"scale": [
			1.00000000,
			1.00000000,
			1.00000000
		]
	},
	"components": [
		{
			"tag": "light_1",
			"type": "Light"
		}
	]
},

"data_id2": {

	"tag": "light",
	"id": 1,
	"transform": {
		"position": [
			42.90722275,
			16.51085281,
			44.72579956
		],
		"rotation": [
			0.00000000,
			0.00000000,
			0.00000000
		],
		"scale": [
			1.00000000,
			1.00000000,
			1.00000000
		]
	},
	"components": [

	]
},

"data_id3": {

	"tag": "tester",
	"id": 0,
	"transform": {
		"position": [
			10.00000000,
			10.00000000,
			10.00000000
		],
		"rotation": [
			0.00000000,
			0.00000000,
			0.00000000
		],
		"scale": [
			1.00000000,
			1.00000000,
			1.00000000
		]
	},
	"components": [
		{
			"tag": "test_component",
			"type": "RigidBody"
		},
		{
			"tag": "mesh_component",
			"type": "SimpleMesh"
		}
	]
},

"data_id4": {

	"tag": "trigger",
	"id": 0,
	"transform": {
		"position": [
			10.00000000,
			15.00000000,
			10.00000000
		],
		"rotation": [
			0.00000000,
			0.00000000,
			0.00000000
		],
		"scale": [
			1.00000000,
			1.00000000,
			1.00000000
		]
	},
	"components": [

	]
},

}