
{
	"triangle0": {
	
		"pts": [
			[
				-7.00000000,
				1.00000000,
				-7.00000000
			],
			[
				-7.00000000,
				-1.00000000,
				7.00000000
			],
			[
				-7.00000000,
				1.00000000,
				7.00000000
			]
		],
		"color": [
			255,
			255,
			255,
			255
		],
		"texture_tag": "albedo",
		"is_lit": true,
		"use_fog": false,
		"rot": 0
	},
	
	"triangle1": {
	
		"pts": [
			[
				8.00000000,
				1.00000000,
				-8.00000000
			],
			[
				7.00000000,
				1.00000000,
				-8.00000000
			],
			[
				7.00000000,
				1.00000000,
				8.00000000
			]
		],
		"color": [
			255,
			255,
			255,
			255
		],
		"texture_tag": "albedo",
		"is_lit": true,
		"use_fog": false,
		"rot": 0
	},
	
	"triangle2": {
	
		"pts": [
			[
				8.00000000,
				-1.00000000,
				-8.00000000
			],
			[
				7.00000000,
				1.00000000,
				-8.00000000
			],
			[
				8.00000000,
				1.00000000,
				-8.00000000
			]
		],
		"color": [
			255,
			255,
			255,
			255
		],
		"texture_tag": "albedo",
		"is_lit": true,
		"use_fog": false,
		"rot": 0
	}
}