
{
	"triangle0": {
	
		"pts": [
			[
				48.00000000,
				22.00000000,
				50.00000000
			],
			[
				48.00000000,
				22.00000000,
				17.00000000
			],
			[
				33.00000000,
				22.00000000,
				50.00000000
			]
		],
		"color": [
			255,
			255,
			255,
			255
		],
		"texture_tag": "albedo",
		"is_lit": true,
		"use_fog": false,
		"rot": 0
	},
	
	"triangle1": {
	
		"pts": [
			[
				48.00000000,
				22.00000000,
				50.00000000
			],
			[
				48.00000000,
				10.00000000,
				50.00000000
			],
			[
				48.00000000,
				22.00000000,
				17.00000000
			]
		],
		"color": [
			255,
			255,
			255,
			255
		],
		"texture_tag": "albedo",
		"is_lit": true,
		"use_fog": false,
		"rot": 0
	}
}